{"MSE": 2.453031255035805, "_timestamp": 1685888161.2939916, "_runtime": 41.717477560043335, "_step": 0, "_wandb": {"runtime": 43}}