{"MSE": 2.453983836538874, "_timestamp": 1685888101.8641806, "_runtime": 23.56625461578369, "_step": 0, "_wandb": {"runtime": 23}}