{"MSE": 2.450811202829367, "_timestamp": 1685890132.5878844, "_runtime": 16.13200044631958, "_step": 0, "_wandb": {"runtime": 15}}