{"MSE": 2.4525521700051387, "_timestamp": 1685890098.4105513, "_runtime": 8.465562343597412, "_step": 0, "_wandb": {"runtime": 7}}