{"MSE": 2.45322215495363, "_timestamp": 1685887973.5244036, "_runtime": 45.86287045478821, "_step": 0, "_wandb": {"runtime": 45}}