{"MSE": 2.4531617142966695, "_timestamp": 1685890074.5820816, "_runtime": 16.773210525512695, "_step": 0, "_wandb": {"runtime": 16}}