{"MSE": 2.4533748137793148, "_timestamp": 1685888048.2586215, "_runtime": 55.06531643867493, "_step": 0, "_wandb": {"runtime": 54}}