{"MSE": 2.453031255035805, "_timestamp": 1685887906.520348, "_runtime": 48.201858043670654, "_step": 0, "_wandb": {"runtime": 47}}