{"MSE": 2.485264630086901, "_timestamp": 1685890045.3528976, "_runtime": 4.558157682418823, "_step": 0, "_wandb": {"runtime": 4}}