{"MSE": 2.4528987397807995, "_timestamp": 1685890016.086649, "_runtime": 12.382105827331543, "_step": 0, "_wandb": {"runtime": 11}}